source_id,type,title,url,access_date,reliability,notes
SRC-001,documentation,Claude Code Hooks Documentation,https://docs.claude.com/en/docs/claude-code/hooks,2025-11-02,high,Official Claude Code documentation on hooks system
SRC-002,stackoverflow,Create a git tree from working tree without touching the index,https://stackoverflow.com/questions/9594169,2025-11-02,high,Temporary index file technique using GIT_INDEX_FILE
SRC-003,stackoverflow,Make a snapshot of working directory with git,https://stackoverflow.com/questions/48856649,2025-11-02,high,Methods for creating snapshots without commits
SRC-004,stackoverflow,How does stashing work in git - internals,https://stackoverflow.com/questions/18527171,2025-11-02,medium,Stash multi-parent commit structure
SRC-005,article,Inside Git Stash,https://www.codeproject.com/Articles/5378745/Inside-Git-Stash,2025-11-02,medium,Detailed stash internal structure
SRC-006,stackoverflow,Git: get a hash of the current state of the working tree,https://stackoverflow.com/questions/23939988,2025-11-02,high,Complete working tree hash generation
SRC-007,documentation,Git Documentation - git-diff-index,https://git-scm.com/docs/git-diff-index,2025-11-02,high,Official git documentation on diff-index
SRC-008,documentation,Git Documentation - git-diff-tree,https://git-scm.com/docs/git-diff-tree,2025-11-02,high,Official git documentation on diff-tree
SRC-009,documentation,Git Internals - Git Objects,https://git-scm.com/book/en/v2/Git-Internals-Git-Objects,2025-11-02,high,Official git documentation on object model
